"","ID","Title","U","N1","AUC","P.Value","adj.P.Val"
"LI.M37.0","LI.M37.0","immune activation - generic cluster",3417262,322,0.348080124203231,2.89169848041334e-21,1.00052767422302e-18
"LI.M4.0","LI.M4.0","cell cycle and transcription",3464711,314,0.36180973423511,1.59756597544802e-17,2.76378913752508e-15
"LI.M32.1","LI.M32.1","platelet activation (II)",614296,21,0.950054903416384,4.60459506844947e-13,5.31063297894505e-11
"LI.M32.2","LI.M32.2","CORO1A-DEF6 network (I)",560293,19,0.957687232500581,2.44610178038571e-12,2.11587804003364e-10
"LI.M7.1","LI.M7.1","T cell activation (I)",1117755,46,0.789826807707799,5.08116357594551e-12,3.06366156296998e-10
"LI.M32.0","LI.M32.0","platelet activation (I)",622174,22,0.918530525955256,5.31270791266471e-12,3.06366156296998e-10
"LI.M7.0","LI.M7.0","enriched in T cells (I)",1308392,56,0.759685997631047,8.7439165882397e-12,4.32199305647276e-10
"LI.M4.1","LI.M4.1","cell cycle (I)",1436953,139,0.33704327617718,1.5662990510074e-11,6.77424339560701e-10
"LI.M11.0","LI.M11.0","enriched in monocytes (II)",2032330,182,0.364577633995506,1.396024795346e-10,5.36693976877463e-09
"LI.M136","LI.M136","TBA",461049,16,0.935722113979542,7.90577421744048e-10,2.7353978792344e-08
"LI.M118.0","LI.M118.0","enriched in monocytes (IV)",448643,54,0.270123994658247,2.5107953905685e-09,7.89759277397002e-08
"LI.M72.0","LI.M72.0","TBA",78037,20,0.126720470267286,3.71647090052411e-09,1.07158244298445e-07
"LI.M174","LI.M174","TBA",111432,23,0.157362269884935,6.34838333276048e-09,1.68964664087317e-07
"LI.M213","LI.M213","regulation of transcription, transcription factors",60435,17,0.115444567123466,1.99909152189399e-08,4.94061190410944e-07
"LI.M32.3","LI.M32.3","KLF12 targets network",439408,16,0.891800616983277,2.85845705988651e-08,6.59350761813822e-07
"LI.M147","LI.M147","intracellular transport",65022,17,0.124206778249392,4.02913287122277e-08,8.71299983401925e-07
"LI.M214","LI.M214","TBA",21710,12,0.0587410846672511,5.98433606139388e-08,1.21798839837781e-06
"LI.M72.1","LI.M72.1","TBA",59000,16,0.11974346484819,6.91390550470504e-08,1.29221932641386e-06
"LI.M63","LI.M63","regulation of localization (GO)",346916,12,0.938656016970248,7.09600208146339e-08,1.29221932641386e-06
"LI.M237","LI.M237","golgi membrane (II)",69904,17,0.133532506332402,8.35439494919052e-08,1.39823791569802e-06
"LI.M37.1","LI.M37.1","enriched in neutrophils (I)",416289,48,0.281919432435068,8.48641509527701e-08,1.39823791569802e-06
"LI.M32.4","LI.M32.4","CORO1A-DEF6 network (II)",389172,14,0.902620385102445,9.07891567524918e-08,1.42061178744667e-06
"LI.M226","LI.M226","proteasome",24336,12,0.0658462937108348,9.5069251186679e-08,1.42061178744667e-06
"LI.M32.7","LI.M32.7","TBA",322833,11,0.952871900826446,9.85395459500577e-08,1.42061178744667e-06
"LI.M32.6","LI.M32.6","TBA",366389,13,0.915116865730542,1.08813343888705e-07,1.50597667941968e-06
"LI.M137","LI.M137","TBA",54376,15,0.117712257003074,1.46743643619032e-07,1.95281925739173e-06
"LI.M55","LI.M55","TBA",339551,12,0.918728421918461,2.5347353406803e-07,3.24821639953846e-06
"LI.M32.5","LI.M32.5","TBA",403147,15,0.872725895137897,2.87649967715572e-07,3.55453174391385e-06
"LI.M165","LI.M165","enriched in activated dendritic cells (II)",276906,35,0.25707044450221,3.25135856311262e-07,3.81393238016706e-06
"LI.M192","LI.M192","TBA",337971,12,0.914453391343875,3.30687778627202e-07,3.81393238016706e-06
"LI.M32.8","LI.M32.8","cytoskeletal remodeling",291100,10,0.945099185091393,5.44237759902305e-07,6.07439564278057e-06
"LI.M22.0","LI.M22.0","mismatch repair (I)",191103,27,0.229921026796027,5.89301215233064e-07,6.24868340584607e-06
"LI.M100","LI.M100","MAPK, RAS signaling",290595,10,0.943459627934158,5.95972694777227e-07,6.24868340584607e-06
"LI.M72.2","LI.M72.2","TBA",37289,12,0.100893427275777,8.41200665360002e-07,8.56045382984002e-06
"LI.M144","LI.M144","cell cycle, ATP binding",80480,16,0.163338204253937,1.55346264571441e-06,1.52504401772556e-05
"LI.M211","LI.M211","TBA",31977,11,0.0943831168831169,1.58675100110174e-06,1.52504401772556e-05
"LI.M248","LI.M248","TBA",261559,9,0.943513768947182,2.02925295846214e-06,1.89762573953486e-05
"LI.M203","LI.M203","TBA",55475,13,0.138557948318322,3.19030138939585e-06,2.90485337034464e-05
"LI.M81","LI.M81","enriched in myeloid cells and monocytes",304371,35,0.282568049314865,4.22574771774899e-06,3.74899669318243e-05
"LI.M169","LI.M169","mitosis (TF motif CCAATNNSNNNGCG)",73585,14,0.170668293293874,9.88057337888873e-06,8.54669597273875e-05
"LI.M95.1","LI.M95.1","enriched in antigen presentation (III)",96669,16,0.19619459327813,1.28549596548184e-05,0.000108483318062613
"LI.M128","LI.M128","TBA",46341,11,0.136779811097993,1.50801497354108e-05,0.000124231709725051
"LI.M4.6","LI.M4.6","cell division in stimulated CD4 T cells",142478,20,0.231363060634601,1.58932631914929e-05,0.000127885327075733
"LI.M113","LI.M113","golgi membrane (I)",28152,9,0.101551847282644,1.73574254953792e-05,0.000136492482304573
"LI.M218","LI.M218","TBA",89097,15,0.192875698142616,1.89913305162622e-05,0.000146022230191705
"LI.S0","LI.S0","T cell surface signature",585737,26,0.731796204445222,2.13344191895971e-05,0.000160471935643491
"LI.M105","LI.M105","TBA",113321,17,0.216468830826479,2.57802480368957e-05,0.000189786506824807
"LI.M101","LI.M101","phosphatidylinositol signaling system",71156,13,0.177723828220614,2.85727683910756e-05,0.000205962038819003
"LI.M190","LI.M190","TBA",53500,11,0.157910271546635,4.25561390906087e-05,0.000300498451537768
"LI.M67","LI.M67","activated dendritic cells",53983,11,0.159335891381346,4.55493031447761e-05,0.00031520117776185
"LI.M127","LI.M127","type I interferon response",67930,12,0.183799257551652,7.42417488847541e-05,0.000503679315963234
"LI.M129","LI.M129","inositol phosphate metabolism",79004,13,0.197325500656886,7.85627271208145e-05,0.000522744299688497
"LI.M6","LI.M6","mitotic cell division",266146,29,0.298143339479633,8.36944207076977e-05,0.00053766388552738
"LI.M205","LI.M205","TBA",58409,11,0.172399645808737,8.39128607470478e-05,0.00053766388552738
"LI.M19","LI.M19","T cell differentiation (Th2)",379641,16,0.77050048709206,8.94395088614832e-05,0.000560125252772137
"LI.M4.2","LI.M4.2","PLK1 signaling events",316653,33,0.311766373856178,9.06561102752591e-05,0.000560125252772137
"LI.M138","LI.M138","enriched for ubiquitination",59889,11,0.17676800472255,0.000102443783021113,0.000621851735531668
"LI.M194","LI.M194","TBA",81801,13,0.204311468776694,0.000111120231841275,0.000662889658915193
"LI.M114.1","LI.M114.1","glycerophospholipid metabolism",60661,11,0.179046635182999,0.000113573349720737,0.0006660403220911
"LI.M148","LI.M148","TBA",60960,11,0.179929161747344,0.000118181215491486,0.000681511676000902
"LI.M7.4","LI.M7.4","T cell activation (III)",336078,14,0.779477592900978,0.000146423440117747,0.000830532955421977
"LI.M167","LI.M167","enriched in cell cycle",353170,15,0.764536519894359,0.000193941415392154,0.00108231822138202
"LI.M143","LI.M143","nuclear pore, transport; mRNA splicing, processing",67547,11,0.199371310507674,0.000276916078878129,0.00152084068717194
"LI.M168","LI.M168","enriched in dendritic cells",135327,17,0.258505285598035,0.000282154256965934,0.00152539645172208
"LI.M14","LI.M14","T cell differentiation",290238,12,0.785301470826975,0.000309808139369418,0.00164913255725875
"LI.M179","LI.M179","enriched for TF motif PAX3",59295,10,0.192509983442096,0.000378900427426746,0.00198635678620688
"LI.M243","LI.M243","TBA",287769,12,0.778621059125296,0.000414791259290591,0.00214205635394842
"LI.M156.0","LI.M156.0","plasma cells & B cells, immunoglobulins",532491,25,0.691861235626584,0.000447321371858487,0.00225429089267484
"LI.M242","LI.M242","TBA",71515,11,0.211083234946871,0.000452126927917751,0.00225429089267484
"LI.M227","LI.M227","translation initiation",60742,10,0.197207882860946,0.000456070411812829,0.00225429089267484
"LI.M16","LI.M16","TLR and inflammatory signaling",429661,40,0.3490794904293,0.000476081017538704,0.00232005678969566
"LI.M180","LI.M180","TBA",72498,11,0.213984651711924,0.000509171678681296,0.00244685278921845
"LI.M7.3","LI.M7.3","T cell activation (II)",620716,30,0.672185222485733,0.000546681616532789,0.00255449352545626
"LI.M47.0","LI.M47.0","enriched in B cells (I)",886714,45,0.64047180509509,0.000553489597124317,0.00255449352545626
"LI.M10.1","LI.M10.1","E2F1 targets (Q4)",190414,21,0.294489552885136,0.00055470869823604,0.00255449352545626
"LI.M153","LI.M153","TBA",118766,15,0.257102654024332,0.000561102624088659,0.00255449352545626
"LI.M229","LI.M229","TBA",74269,11,0.219211924439197,0.000629062605402382,0.00279432636637776
"LI.S4","LI.S4","Monocyte surface signature",1110717,90,0.401721949155301,0.000629934845599611,0.00279432636637776
"LI.M4.9","LI.M4.9","mitotic cell cycle in stimulated CD4 T cells",120122,15,0.260038100186171,0.000644143669572287,0.00282118619837989
"LI.M95.0","LI.M95.0","enriched in antigen presentation (II)",233108,24,0.315484890808891,0.000873903088268574,0.00377963085676158
"LI.M70.0","LI.M70.0","TBA",450593,21,0.696875918278971,0.000891506436973509,0.00380816329867697
"LI.M156.1","LI.M156.1","plasma cells, immunoglobulins",280763,12,0.759664815957228,0.000918776632410553,0.00387678920504941
"LI.M114.0","LI.M114.0","TBA",389221,36,0.351314198032313,0.00100581150648212,0.00415551064584013
"LI.M10.0","LI.M10.0","E2F1 targets (Q3)",337191,32,0.342350912960135,0.00100885229552188,0.00415551064584013
"LI.M250","LI.M250","spliceosome",78474,11,0.231623376623377,0.00102533110968118,0.00415960757408783
"LI.M230","LI.M230","cell cycle, mitotic phase",78547,11,0.231838842975207,0.00103389089991778,0.00415960757408783
"LI.M184.0","LI.M184.0","TBA",373983,17,0.714392414106644,0.00110215598926803,0.00438328703777859
"LI.M75","LI.M75","antiviral IFN signature",211496,22,0.31223666067279,0.00114557030239844,0.00450417414352115
"LI.M4.5","LI.M4.5","mitotic cell cycle in stimulated CD4 T cells",352487,33,0.347047379375666,0.00117494570247751,0.00456776643884513
"LI.M4.3","LI.M4.3","myeloid cell enriched receptors and transporters",314310,30,0.340372307592346,0.00123420086451215,0.00474481665690228
"LI.M234","LI.M234","transcription elongation, RNA polymerase II",296380,13,0.740257858901927,0.00134935618157822,0.00513051910797871
"LI.M7.2","LI.M7.2","enriched in NK cells (I)",902054,47,0.623866802037197,0.00164438435207271,0.00618431506322998
"LI.M22.1","LI.M22.1","mismatch repair (II)",106804,13,0.266760578858767,0.00179284465549004,0.0066701532344038
"LI.M215","LI.M215","small GTPase mediated signal transduction",330186,15,0.714781140407845,0.00198315637993172,0.00725168952839143
"LI.M66","LI.M66","TBA",156175,17,0.298329697534661,0.00199107082426932,0.00725168952839143
"LI.M25","LI.M25","TLR8-BAFF network",73940,10,0.240057141001916,0.00220663182318505,0.00795306886272946
"LI.M27.0","LI.M27.0","chemokine cluster (I)",273230,26,0.341362551692258,0.0025483548868387,0.0090900081530535
"LI.M54","LI.M54","BCR signaling",269958,12,0.730429559401279,0.00285002404415469,0.0100623297885461
"LI.M182","LI.M182","enriched in DNA interacting proteins",100059,12,0.270731192571187,0.00297404826190176,0.010394148470889
"LI.M65","LI.M65","IL2, IL7, TCR network",210570,9,0.759582711079367,0.00349619861212096,0.0120968471979385
"LI.M29","LI.M29","proinflammatory cytokines and chemokines",78546,10,0.255011200935035,0.00364583980830284,0.0124897086502256
"LI.M125","LI.M125","TBA",229260,10,0.744326482906399,0.003725699680399,0.0126381577393927
"LI.M52","LI.M52","T cell activation (IV)",266197,12,0.720253363204433,0.00411523032442515,0.0138239775946709
"LI.M185","LI.M185","TBA",116184,13,0.290188673590193,0.00439737000337304,0.0146297117419911
"LI.M219","LI.M219","respiratory electron transport chain (mitochondrion)",166059,17,0.317210380937463,0.00452735426634872,0.0148360635167506
"LI.M86.0","LI.M86.0","chemokines and inflammatory molecules in myeloid cells",191417,19,0.327181701330489,0.0045451524068658,0.0148360635167506
"LI.M201","LI.M201","TBA",179976,18,0.324705831411901,0.00500505446356127,0.0161845686391794
"LI.M70.1","LI.M70.1","TBA",225846,10,0.733242427193922,0.00531596966016887,0.0170307916890595
"LI.M223","LI.M223","enriched in T cells (II)",261759,12,0.708245397577843,0.00623774361563928,0.0198005439542311
"LI.M11.1","LI.M11.1","blood coagulation",236614,22,0.349318971651623,0.00719553093525322,0.022633215487251
"LI.M46","LI.M46","cell division stimulated CD4+ T cells",289873,26,0.362155645231819,0.00747188929465225,0.0232907540175647
"LI.M150","LI.M150","innate antiviral response",109933,12,0.297447427946795,0.00754729079231029,0.0233157376262443
"LI.M103","LI.M103","cell cycle (III)",602704,49,0.399846617016223,0.00762029068419682,0.0233329254578062
"LI.M2.1","LI.M2.1","extracellular matrix (II)",548717,45,0.396337226519896,0.00803992808490533,0.0244018869945372
"LI.M60","LI.M60","lymphocyte generic cluster",349209,17,0.667068451073357,0.0085278676748309,0.0256577583955782
"LI.M204.1","LI.M204.1","chaperonin mediated protein folding (II)",87760,10,0.284925814096945,0.00924687502498935,0.0275811961952269
"LI.M117","LI.M117","cell adhesion (GO)",418825,21,0.647744320202911,0.00952582891250308,0.0281704000318467
"LI.S11","LI.S11","Activated (LPS) dendritic cell surface signature",442757,37,0.388847904250517,0.00962468833464791,0.0282215437609167
"LI.S5","LI.S5","DC surface signature",1029595,79,0.424080700939276,0.00978523212368266,0.0284511791159176
"LI.M120","LI.M120","TBA",237624,11,0.701369539551358,0.0103587809509837,0.0298678184086698
"LI.M184.1","LI.M184.1","TBA",237340,11,0.700531286894923,0.0106263908999907,0.0303862086892295
"LI.M5.1","LI.M5.1","T cell activation and signaling",433542,22,0.640048541539334,0.0114632264071501,0.0325104617776551
"LI.M64","LI.M64","enriched in activated dendritic cells/monocytes",178621,17,0.341206652174411,0.0116845351090794,0.0328686922580608
"LI.M236","LI.M236","TBA",128606,13,0.32121466428889,0.0127907970701511,0.0356904498892927
"LI.M231","LI.M231","respiratory electron transport chain (mitochondrion)",104278,11,0.307786304604486,0.0136249181749255,0.0377137735081939
"LI.M106.0","LI.M106.0","nuclear pore complex",181222,17,0.346175152531624,0.0140315627725902,0.0385311168199698
"LI.M4.10","LI.M4.10","cell cycle (II)",130663,13,0.326352360542892,0.0150660356788878,0.0410460499598045
"LI.M50","LI.M50","CD1 and other DC receptors",93195,10,0.302571345086198,0.0152968099634278,0.0413491894323907
"LI.M53","LI.M53","inflammasome receptors and signaling",118279,12,0.3200293299566,0.0154182510687986,0.0413543788356923
"LI.M28","LI.M28","antigen presentation (lipids and proteins)",106349,11,0.313899055489965,0.0162703987917165,0.0433042921687225
"LI.M126","LI.M126","double positive thymocytes",284831,14,0.660618613130221,0.0187017032535438,0.0493953383643217
"LI.M118.1","LI.M118.1","enriched in monocytes (surface)",187589,17,0.358337567669791,0.0215500054439295,0.0564871354818153
"LI.M177.0","LI.M177.0","TBA",405660,33,0.399399807418522,0.0227067615864395,0.0590717256308878
"LI.M232","LI.M232","enriched for TF motif TNCATNTCCYR",136528,13,0.341001163911743,0.0235484357327665,0.0608041698771434
"LI.M8","LI.M8","E2F transcription factor network",149683,14,0.347165076375714,0.023825384984348,0.0610635792932179
"LI.M49","LI.M49","transcription regulation in cell development",589099,46,0.416268486916951,0.024664565021985,0.0627495551294618
"LI.M216","LI.M216","respiratory electron transport chain (mitochondrion)",111541,11,0.32922373081464,0.024900406428721,0.0627780364420024
"LI.M18","LI.M18","T cell differentiation via ITK and PKC",227116,11,0.670354191263282,0.0251841686250935,0.0627780364420024
"LI.M45","LI.M45","leukocyte activation and migration",227098,11,0.67030106257379,0.0252200782238102,0.0627780364420024
"LI.M73","LI.M73","enriched in monocytes (III)",112170,11,0.331080283353011,0.0261688952002716,0.0646745552806713
"LI.M110","LI.M110","axon guidance",208367,10,0.676494269666569,0.0266159474827809,0.0653128924045545
"LI.M68","LI.M68","RIG-1 like receptor signaling",99764,10,0.3238985747216,0.0268820518827574,0.0655013376861553
"LI.M71","LI.M71","enriched in antigen presentation (I)",204584,18,0.369102645983755,0.027228481428022,0.0658815005181511
"LI.M43.1","LI.M43.1","myeloid, dendritic cell activation via NFkB (II)",279143,14,0.647426233538517,0.0280420122161626,0.0673787237971686
"LI.M56","LI.M56","suppression of MAPK signaling",126323,12,0.341794105869238,0.028844487015077,0.0688289138428733
"LI.M47.1","LI.M47.1","enriched in B cells (II)",604214,33,0.594889698860067,0.0295647482006029,0.070064403269922
"LI.M0","LI.M0","targets of FOSL1/2",126869,12,0.343271426561468,0.0300315685635227,0.0706865491359105
"LI.S10","LI.S10","Resting dendritic cell surface signature",966373,72,0.436639032571724,0.0314278890201924,0.0734733081147741
"LI.M39","LI.M39","integrin mediated leukocyte migration",205725,10,0.667916626083569,0.0329510978618892,0.0765173144980783
"LI.M134","LI.M134","Membrane, ER proteins",328570,17,0.627643276574123,0.0341846948294443,0.0781363229765606
"LI.M233","LI.M233","TBA",258597,13,0.645888594164456,0.0342488659129653,0.0781363229765606
"LI.M191","LI.M191","transmembrane transport (II)",208450,18,0.376077535659259,0.0343257835041538,0.0781363229765606
"LI.M228","LI.M228","olfactory receptors",203861,10,0.661864874517061,0.0381303843318704,0.0862294965936415
"LI.M89.1","LI.M89.1","putative targets of PAX3",104862,10,0.340449985390085,0.04027939098289,0.0904978524680515
"LI.M175","LI.M175","cell development",238497,12,0.645305042371506,0.0406426726844791,0.0907064776237289
"LI.M171","LI.M171","heme biosynthesis (I)",118068,11,0.348488783943329,0.0408965621656119,0.0907064776237289
"LI.M92","LI.M92","lipid metabolism, endoplasmic reticulum",105908,10,0.343845979026655,0.0436090461193613,0.0950531416665866
"LI.S9","LI.S9","Memory B cell surface signature",448662,35,0.416523079208288,0.043655262112088,0.0950531416665866
"LI.M27.1","LI.M27.1","chemokine cluster (II)",172126,15,0.372615491189332,0.0437639972297691,0.0950531416665866
"LI.M4.14","LI.M4.14","Rho GTPase cycle",106013,10,0.344186877049446,0.0439552100192308,0.0950531416665866
"LI.M106.1","LI.M106.1","nuclear pore complex (mitosis)",119962,11,0.354079102715466,0.0468534261389184,0.100691213938297
"LI.M207","LI.M207","TBA",200725,10,0.651683386903023,0.048327222693774,0.102064833937957
"LI.M238","LI.M238","respiratory electron transport chain (mitochondrion)",200890,17,0.383745496639911,0.0484624856086288,0.102064833937957
"LI.M4.15","LI.M4.15","enriched in monocytes (I)",107405,10,0.34870621083731,0.0487570306240764,0.102064833937957
"LI.M76","LI.M76","DNA repair",269656,22,0.398099675503943,0.0489567478260025,0.102064833937957
"LI.M212","LI.M212","purine nucleotide biosynthesis",235776,12,0.637942790350336,0.0489675214846847,0.102064833937957
"LI.M162.0","LI.M162.0","plasma membrane, cell junction",321962,17,0.615020496735422,0.0502610522251531,0.103896773045615
"LI.M47.3","LI.M47.3","enriched in B cells (IV)",235332,12,0.636741452644566,0.050446988068391,0.103896773045615
"LI.M111.1","LI.M111.1","viral sensing & immunity; IRF2 targets network (II)",121616,11,0.358961038961039,0.0526073565103723,0.107273822852088
"LI.M186","LI.M186","TBA",199540,10,0.647836109217233,0.0527067915747254,0.107273822852088
"LI.M1.0","LI.M1.0","integrin cell surface interactions (I)",523066,29,0.585951485306012,0.0545100654515287,0.110295220153386
"LI.M74","LI.M74","transcriptional targets of glucocorticoid receptor",234050,12,0.633272725304934,0.0549192942086713,0.11047718486163
"LI.M61.2","LI.M61.2","enriched in NK cells (receptor activation)",268424,14,0.622565277694024,0.0561176443171943,0.112235288634389
"LI.M133.0","LI.M133.0","cell adhesion, membrane",267403,14,0.620197236279972,0.0596711717276145,0.11865646791813
"LI.M198","LI.M198","TBA",232478,12,0.629019340454777,0.0608244864398361,0.120258698903904
"LI.M79","LI.M79","TBA",111106,10,0.360722054478751,0.0635767749252201,0.124986159796171
"LI.M47.2","LI.M47.2","enriched in B cells (III)",418030,23,0.590334461196062,0.0667874569274484,0.130556271733882
"LI.M157","LI.M157","enriched in NK cells (III)",247863,13,0.619078661451543,0.0685155296090205,0.133181872161354
"LI.M245","LI.M245","translation initiation factor 3 complex",247730,13,0.618746472048635,0.0690650562223585,0.133500052809699
"LI.M12","LI.M12","CD28 costimulation",195402,10,0.634401480471413,0.0705085698450238,0.135533139813212
"LI.M69","LI.M69","enriched in B cells (VI)",365797,20,0.59399987009191,0.072733523921604,0.139037565065608
"LI.M160","LI.M160","leukocyte differentiation",280505,15,0.607232541022644,0.0751762621880625,0.142917509434449
"LI.M21","LI.M21","cell adhesion (lymphocyte homing)",176464,9,0.636553181972311,0.0779709019831417,0.147185464585554
"LI.M37.3","LI.M37.3","cell division",114161,10,0.370640563618064,0.0782720389703522,0.147185464585554
"LI.M78","LI.M78","myeloid cell cytokines, metallopeptidases and laminins",211072,11,0.622998819362456,0.0788489334529548,0.14746881607958
"LI.M48","LI.M48","TBA",227599,12,0.615818154269078,0.0823391045160129,0.153168441734089
"LI.M131","LI.M131","TBA",155780,13,0.389086204398887,0.0830289074610362,0.153625679045554
"LI.M246","LI.M246","TBA",209661,11,0.618834120425029,0.0861238131758908,0.157523094533311
"LI.M121","LI.M121","TBA",115681,10,0.37557546832895,0.0864820198234012,0.157523094533311
"LI.M161","LI.M161","TBA",156497,13,0.390877029976972,0.0865011212755177,0.157523094533311
"LI.M195","LI.M195","muscle contraction, SRF targets",209212,11,0.617508854781582,0.088541022367582,0.160393684498342
"LI.M17.0","LI.M17.0","Hox cluster I",260216,14,0.603528172966755,0.0898731163024902,0.161958845003446
"LI.M33","LI.M33","inflammatory response",117373,10,0.381068796467647,0.0963598287731075,0.172748708577695
"LI.M132","LI.M132","recruitment of neutrophils",103994,9,0.375134370784004,0.0972446724657819,0.17343637460392
"LI.M40","LI.M40","complement and other receptors in DCs",158800,13,0.39662915174312,0.098387813455216,0.174390945345204
"LI.M124","LI.M124","enriched in membrane proteins",228528,18,0.412301497093495,0.098787934357399,0.174390945345204
"LI.M4.12","LI.M4.12","C-MYC transcriptional network",145306,12,0.393156704221999,0.099950649534854,0.175534214515611
"LI.M112.0","LI.M112.0","complement activation (I)",214857,17,0.410425636774161,0.100450215243038,0.175534214515611
"LI.M30","LI.M30","cell movement, Adhesion & Platelet activation",257716,20,0.418492416615245,0.103426344939127,0.17982671029617
"LI.M35.1","LI.M35.1","signaling in T cells (II)",206393,11,0.609188311688312,0.104881583266341,0.181445139050771
"LI.M89.0","LI.M89.0","putative targets of PAX3",201867,16,0.409699220652703,0.105488214789705,0.181586678195213
"LI.M23","LI.M23","RA, WNT, CSF receptors network (monocyte)",221220,12,0.598558394753076,0.118516574986596,0.203003638343377
"LI.M87","LI.M87","transmembrane transport (I)",318120,24,0.430538863806152,0.119337562717461,0.203402939410057
"LI.M88.1","LI.M88.1","enriched in hepatocyte nuclear factors (I)",220777,12,0.59735976276286,0.12139240472755,0.205891039390844
"LI.M36","LI.M36","T cell surface, activation",220568,12,0.596794268212171,0.122766072243462,0.207205175591404
"LI.M4.4","LI.M4.4","mitotic cell cycle - DNA replication",362445,27,0.436067076692077,0.125018648569035,0.209861385702969
"LI.M61.0","LI.M61.0","enriched in NK cells (II)",353547,20,0.574107693806632,0.125552909943684,0.209861385702969
"LI.M91","LI.M91","adhesion and migration, chemotaxis",149651,12,0.404913038302109,0.126979374683317,0.211225305963595
"LI.M145.1","LI.M145.1","cytoskeleton/actin (SRF transcription targets)",251688,14,0.583748880920683,0.13890983881608,0.229965570480209
"LI.M108","LI.M108","TBA",167177,9,0.603052471340245,0.142138643716367,0.234190336789824
"LI.M77","LI.M77","collagen, TGFB family et al",577545,34,0.551925712287059,0.147263457220489,0.241484152598528
"LI.M4.13","LI.M4.13","cell junction (GO)",138731,11,0.409477567886659,0.149215469092207,0.243530907103319
"LI.M176","LI.M176","TBA",183098,10,0.594454725495925,0.150451896156391,0.243616838068599
"LI.M178","LI.M178","enriched for promoter motif NATCACGTGAY (putative SREBF1 targets)",124939,10,0.405632933995649,0.150676310250521,0.243616838068599
"LI.M86.1","LI.M86.1","proinflammatory dendritic cell, myeloid cell response",167221,13,0.41766198604305,0.151939117919373,0.244515975814432
"LI.M20","LI.M20","AP-1 transcription factor network",195688,15,0.423622115426246,0.152814635538374,0.244786406927211
"LI.M196","LI.M196","platelet activation - actin binding",224558,17,0.428956748640874,0.155198222827234,0.247458917503332
"LI.M220","LI.M220","TBA",182098,10,0.591208077659816,0.158912293417103,0.251488696032541
"LI.M177.1","LI.M177.1","TBA",168193,13,0.420089716115432,0.159179261361637,0.251488696032541
"LI.M133.1","LI.M133.1","cell cell adhesion",198692,11,0.586458087367178,0.160326373385947,0.252149659961534
"LI.M44","LI.M44","T cell signaling and costimulation",181794,10,0.590221096717639,0.161544888143831,0.252916431211609
"LI.M37.2","LI.M37.2","endoplasmic reticulum",254388,19,0.434815604873446,0.162574870523352,0.25338245586072
"LI.M188","LI.M188","TBA",126799,10,0.411671698970813,0.16667266777161,0.25860422891918
"LI.M62.1","LI.M62.1","enriched for unknown TF motif CTCNANGTGNY",180949,10,0.587477679296127,0.169010928285479,0.261061523155248
"LI.S3","LI.S3","Plasma cell surface signature",393831,23,0.556161067835577,0.17550227456873,0.269855422441253
"LI.M204.0","LI.M204.0","chaperonin mediated protein folding (I)",184645,14,0.428253679625566,0.176263946450067,0.269855422441253
"LI.M141","LI.M141","TBA",343899,25,0.446825180276749,0.178625740182397,0.272266546709733
"LI.M102","LI.M102","TBA",156578,12,0.423655529941448,0.179853346213153,0.272847031553885
"LI.M181","LI.M181","nucleotide metabolism",162922,9,0.587703540174159,0.181075176868796,0.272847031553885
"LI.M59","LI.M59","CCR1, 7 and cell signaling",128409,10,0.416898801986948,0.18137230421212,0.272847031553885
"LI.M84","LI.M84","integrins and cell adhesion",179092,10,0.581448654264472,0.186183536356676,0.278872309867575
"LI.M43.0","LI.M43.0","myeloid, dendritic cell activation via NFkB (I)",260383,15,0.563672771355587,0.196545977607072,0.293124604534685
"LI.M104","LI.M104","TBA",130350,10,0.423200545436836,0.200138141152301,0.297169301474459
"LI.M17.3","LI.M17.3","Hox cluster IV",177576,10,0.57652673614493,0.200975770361339,0.297169301474459
"LI.M80","LI.M80","TBA",275235,20,0.446940664479881,0.205624127249942,0.301090297961719
"LI.M247","LI.M247","enriched in nuclear pore complex interacting proteins",93356,5,0.606089722781276,0.20563456002723,0.301090297961719
"LI.M172","LI.M172","enriched for TF motif TTCNRGNNNNTTC",177053,10,0.574828739326645,0.206238152072044,0.301090297961719
"LI.M235","LI.M235","mitochondrial cluster",231827,17,0.442842188508839,0.207214406737492,0.301114874026688
"LI.M88.0","LI.M88.0","leukocyte migration",756603,46,0.534629979013419,0.208111548169663,0.301114874026688
"LI.M208","LI.M208","TBA",131278,10,0.426213434628746,0.209508089850837,0.301114874026688
"LI.S1","LI.S1","NK cell surface signature",629275,44,0.464839098561918,0.209736082775814,0.301114874026688
"LI.M244","LI.M244","TBA",159892,9,0.576773513985383,0.212520694458746,0.303851901994736
"LI.M26.0","LI.M26.0","TBA",467748,28,0.542678936890027,0.217125222110558,0.309157723663593
"LI.M24","LI.M24","cell activation (IL15, IL23, TNF)",204318,15,0.442304195350045,0.219508294092484,0.311269958016391
"LI.M146","LI.M146","MHC-TLR7-TLR8 cluster",233830,17,0.446668373136096,0.223181679635388,0.31437502534557
"LI.M187","LI.M187","metabolism in mitochondria, peroxisome",118356,9,0.426941973464927,0.223896570911105,0.31437502534557
"LI.M11.2","LI.M11.2","formyl peptide receptor mediated neutrophil response",118403,9,0.42711151512528,0.224423789769814,0.31437502534557
"LI.M41.2","LI.M41.2","TBA",224334,13,0.560311109112979,0.225695283854818,0.314881323442609
"LI.M158.0","LI.M158.0","interferon alpha response (I)",240399,14,0.557565903914574,0.227851007461291,0.315852704126823
"LI.M239","LI.M239","enriched in calcium signaling proteins",161932,12,0.438141931015076,0.22900610863355,0.315852704126823
"LI.M123","LI.M123","enriched in B cell differentiation",191277,11,0.564572018890201,0.229130140855007,0.315852704126823
"LI.M2.0","LI.M2.0","extracellular matrix (I)",497144,30,0.538366741388086,0.23343500386626,0.31961248601163
"LI.S8","LI.S8","Naive B cell surface signature",768071,53,0.471158906963306,0.233705083702146,0.31961248601163
"LI.M163","LI.M163","enriched in neutrophils (II)",191736,14,0.444700086743143,0.236816867044862,0.322593055108355
"LI.M83","LI.M83","enriched in naive and memory B cells",134046,10,0.435200155839096,0.238944405226051,0.324214761600837
"LI.M189","LI.M189","extracellular region cluster (GO)",271051,16,0.550111625263841,0.243790494627396,0.329498090394839
"LI.M116","LI.M116","TBA",178394,13,0.445568393552029,0.24835339812912,0.334359049621305
"LI.M173","LI.M173","erythrocyte differentiation",237628,14,0.551139025600824,0.25377380170647,0.340175872283096
"LI.M51","LI.M51","cell adhesion",548675,38,0.469204035663526,0.255527321260766,0.340175872283096
"LI.M183","LI.M183","TBA",135531,10,0.440021427875718,0.255623487842789,0.340175872283096
"LI.M200","LI.M200","antigen processing and presentation",106842,8,0.433569782164075,0.257598902986661,0.341491266028294
"LI.M2.2","LI.M2.2","extracellular matrix (III)",194072,14,0.450118054170397,0.259019399722004,0.342063787419135
"LI.M111.0","LI.M111.0","viral sensing & immunity; IRF2 targets network (I)",238494,17,0.455577671738956,0.262949456496986,0.34506758592133
"LI.M4.7","LI.M4.7","mitotic cell cycle",282729,20,0.459109804813095,0.263288562668298,0.34506758592133
"LI.M154.1","LI.M154.1","transmembrane transport (SLC cluster)",239203,17,0.456932022662933,0.269297035803334,0.351610469388504
"LI.M162.1","LI.M162.1","cell junction",187082,11,0.552190082644628,0.27442486439807,0.356958658202001
"LI.M159","LI.M159","G protein mediated calcium signaling",137349,10,0.445923833641765,0.276841196421325,0.358753011092803
"LI.M26.2","LI.M26.2","TBA",234970,14,0.544974232184025,0.280022140382676,0.361521121538828
"LI.M13","LI.M13","innate activation by cytosolic DNA sensing",152819,11,0.451059622195986,0.287004978534466,0.3691588199737
"LI.M90","LI.M90","TBA",201904,12,0.546294793120989,0.289309151319924,0.369560505863963
"LI.M1.1","LI.M1.1","integrin cell surface interactions (II)",201891,12,0.546259618818793,0.289453459795185,0.369560505863963
"LI.M98.1","LI.M98.1","TBA",104431,6,0.565011091273062,0.290627738906073,0.369695579637873
"LI.M130","LI.M130","enriched in G-protein coupled receptors",169266,10,0.549547092626863,0.293686596559338,0.370651912994505
"LI.M170","LI.M170","TBA",201444,12,0.545050163966363,0.294435892815849,0.370651912994505
"LI.M42","LI.M42","platelet activation (III)",169192,10,0.549306840686991,0.29459328344939,0.370651912994505
"LI.M97","LI.M97","enriched for SMAD2/3 signaling",138970,10,0.451186649784098,0.296459706404938,0.371648762377205
"LI.M41.4","LI.M41.4","ATF targets network",124736,9,0.449956352040632,0.3015437397053,0.376530791662776
"LI.M140","LI.M140","extracellular matrix, complement",232786,14,0.539908803733202,0.302530520468936,0.376530791662776
"LI.M41.3","LI.M41.3","TBA",139655,10,0.453410603551833,0.304937330106652,0.378166007945884
"LI.M199","LI.M199","platelet activation & blood coagulation",184140,13,0.45991997482354,0.308372080977028,0.381031827454779
"LI.M119","LI.M119","enriched in activated dendritic cells (I)",154759,11,0.456785714285714,0.309812919880859,0.381031827454779
"LI.M112.1","LI.M112.1","complement activation (II)",140104,10,0.454868348430246,0.310551951856207,0.381031827454779
"LI.M99","LI.M99","TBA",140215,10,0.455228726340054,0.311946876311844,0.381390880579145
"LI.M38","LI.M38","chemokines and receptors",155088,11,0.45775678866588,0.313757993164347,0.381647297791157
"LI.S2","LI.S2","B cell surface signature",2443458,163,0.489119677541785,0.315644311292049,0.381647297791157
"LI.M31","LI.M31","cell cycle and growth arrest",170063,12,0.460142104180872,0.316261898973993,0.381647297791157
"LI.S6","LI.S6","CD4 T cell surface signature Th1-stimulated",111205,8,0.451275038145635,0.316568712329659,0.381647297791157
"LI.M93","LI.M93","TBA",166336,10,0.540034414467063,0.330526804025805,0.397091229836558
"LI.M152.2","LI.M152.2","TBA (source: memory B cells)",213927,13,0.534317912751577,0.33413715791435,0.400039642347284
"LI.M61.1","LI.M61.1","enriched in NK cells (KIR cluster)",112513,8,0.456582962698438,0.335303041743176,0.400051215321169
"LI.M109","LI.M109","receptors, cell migration",245271,15,0.530958566047539,0.338986632307593,0.403056270716245
"LI.M210","LI.M210","extracellular matrix, collagen",512439,32,0.520280670262192,0.345611638764389,0.408851636616944
"LI.M98.0","LI.M98.0","TBA",228740,14,0.5305247728211,0.346224073782557,0.408851636616944
"LI.M17.1","LI.M17.1","Hox cluster II",180633,11,0.533155253837072,0.351663314991478,0.41386226866344
"LI.M166","LI.M166","TBA",248615,17,0.474911078934399,0.360088163586821,0.422340693562848
"LI.M58","LI.M58","B cell development/activation",179241,11,0.529046635182999,0.369326186103154,0.431712366188146
"LI.M145.0","LI.M145.0","cytoskeleton/actin (SRF transcription targets)",257964,16,0.523550901120312,0.372126396293515,0.433520986927798
"LI.M240","LI.M240","chromosome Y linked",189987,13,0.474523820228087,0.37520094212328,0.435224765720483
"LI.M164","LI.M164","xenobiotic metabolism",147033,9,0.530387637166418,0.376104638585042,0.435224765720483
"LI.M96","LI.M96","Hox cluster V",162572,10,0.527814032011948,0.380329589229363,0.438646792911198
"LI.M221","LI.M221","TBA",131086,9,0.472862512535261,0.388988420071373,0.446769471858726
"LI.M4.8","LI.M4.8","cell division - E2F transcription network",281693,19,0.481486989101749,0.389954856940275,0.446769471858726
"LI.M152.1","LI.M152.1","TBA (source: naive B cells)",240125,15,0.519818591159025,0.395192486170776,0.450486923857682
"LI.S7","LI.S7","CD4 T cell surface signature Th2-stimulated",192884,12,0.5218892388281,0.396429751804937,0.450486923857682
"LI.M85","LI.M85","platelet activation and degranulation",176758,12,0.47825686981179,0.397105525365876,0.450486923857682
"LI.M57","LI.M57","immuregulation - monocytes, T and B cells",208433,13,0.520595742980313,0.398525042560466,0.450619819365755
"LI.M135.1","LI.M135.1","enriched in plasma membrane proteins (II)",237492,16,0.482001948368242,0.401562256304241,0.452575051079046
"LI.M193","LI.M193","TBA",160689,10,0.521700594136554,0.406073226511492,0.454492734561212
"LI.M151","LI.M151","TBA",147397,10,0.47854615109899,0.40712167264207,0.454492734561212
"LI.M217","LI.M217","TBA (source: B cells)",147403,10,0.478565630986007,0.407204473161779,0.454492734561212
"LI.M94","LI.M94","growth factor induced, enriched in nuclear receptor subfamily 4",177917,12,0.481392794138338,0.4116809251934,0.455743742070151
"LI.M241","LI.M241","TBA",128824,8,0.522773755803006,0.411735121085493,0.455743742070151
"LI.M107","LI.M107","Hox cluster VI",160240,10,0.520242849258141,0.412276853375599,0.455743742070151
"LI.M152.0","LI.M152.0","TBA (source: B cells)",314598,21,0.486549436273373,0.415494790406239,0.457838208536811
"LI.M249","LI.M249","TBA",148297,10,0.481468134151489,0.419586118795589,0.460054576790228
"LI.M41.0","LI.M41.0","TBA",237837,15,0.514865566956748,0.420984237568566,0.460054576790228
"LI.M139","LI.M139","lysosomal/endosomal proteins",175218,11,0.517172373081464,0.42181979820134,0.460054576790228
"LI.M135.0","LI.M135.0","enriched in plasma membrane proteins (I)",237675,15,0.514514872061307,0.422824726645354,0.460054576790228
"LI.M197","LI.M197","TBA",221083,14,0.512765621883393,0.434312190880975,0.470764039721247
"LI.M206","LI.M206","Wnt signaling pathway",220992,14,0.512554562364609,0.435388707256645,0.470764039721247
"LI.M224","LI.M224","transmembrane and ion transporters (II)",173849,11,0.513131641086187,0.440056986663338,0.474329337649579
"LI.M222","LI.M222","heme biosynthesis (II)",195615,13,0.488580677066942,0.443311224504341,0.475932088639464
"LI.M202","LI.M202","enriched in extracellular matrix & associated proteins",189110,12,0.511677868329058,0.444294984481349,0.475932088639464
"LI.M26.1","LI.M26.1","TBA",328735,21,0.508413368595246,0.446899723311344,0.477244766252237
"LI.M5.0","LI.M5.0","regulation of antigen presentation and immune response",1173550,77,0.495897347917911,0.450441703621541,0.478987802016865
"LI.M142","LI.M142","transmembrane and ion transporters (I)",150563,10,0.488825038148112,0.451300645830919,0.478987802016865
"LI.M17.2","LI.M17.2","Hox cluster III",188254,12,0.509361775815232,0.455292224910871,0.481566952097282
"LI.M155","LI.M155","G protein coupled receptors cluster",157077,10,0.509973702152527,0.456514336092221,0.481566952097282
"LI.M158.1","LI.M158.1","interferon alpha response (II)",156783,10,0.509019187688711,0.460662495211131,0.484465724446965
"LI.M4.11","LI.M4.11","mitotic cell cycle in stimulated CD4 T cells",166797,11,0.492317001180638,0.464844237328197,0.487382139744109
"LI.M149","LI.M149","TBA",156376,10,0.507697802019415,0.466411992044153,0.487548487151894
"LI.M209","LI.M209","lysosome",121296,8,0.492224783300328,0.46964978123269,0.48760650368959
"LI.M35.0","LI.M35.0","signaling in T cells (I)",218059,14,0.505751951720715,0.470298059879773,0.48760650368959
"LI.M88.2","LI.M88.2","enriched in hepatocyte nuclear factors (II)",167231,11,0.493597992916175,0.470695295469141,0.48760650368959
"LI.M82","LI.M82","signal transduction, plasma membrane",198036,13,0.494627523265747,0.473262442101099,0.48791378560986
"LI.M9","LI.M9","B cell development",167462,11,0.494279811097993,0.473812231112465,0.48791378560986
"LI.M225","LI.M225","metabolism of steroids",137126,9,0.494650419525428,0.477843493373126,0.488019404300328
"LI.M47.4","LI.M47.4","enriched in B cells (V)",171038,11,0.504834710743802,0.477862565424171,0.488019404300328
"LI.M122","LI.M122","enriched for cell migration",167783,11,0.495227272727273,0.478146179357836,0.488019404300328
"LI.M15","LI.M15","Ran mediated mitosis",198556,13,0.495926308901177,0.479721236908287,0.488186905794904
"LI.M3","LI.M3","regulation of signal transduction",694771,45,0.501831747889084,0.483039771438957,0.490122466034836
"LI.M115","LI.M115","cytokines - recepters cluster",170304,11,0.502668240850059,0.48778117955101,0.493486222586695
"LI.M62.0","LI.M62.0","T & B cell development, activation",599048,39,0.499161742109877,0.492774150602263,0.497084128595869
"LI.M154.0","LI.M154.0","amino acid metabolism and transport",461081,30,0.499313429279967,0.494809931110076,0.497686733035135
"LI.M41.1","LI.M41.1","TBA",200076,13,0.499722759220129,0.498625105960855,0.499127564949009
"LI.M34","LI.M34","cytoskeletal remodeling (enriched for SRF targets)",154067,10,0.500201292165839,0.499127564949009,0.499127564949009
